"SpecCode","Species","Author","name_in_mydb","gbif_dwnld_date","gbif_TaxonKey","maxrecords_in_gbif","maxrecords_PRESENT_only","comments","gbif_dwnld_type","cleaned_records","maxTtol_K0.1","minTtol_K0.1","maxTtol_celcius","minTtol_celcius"
268,"Abramis brama","(Linnaeus, 1758)","Abramis brama","2022-09-16",9809222,363087,361028,"https://www.gbif.org/occurrence/download?has_coordinate=true&has_geospatial_issue=false&taxon_key=9809222&occurrence_status=present","manual",349411,3064.6,2507.4,33.31,-22.41
4875,"Alburnoides bipunctatus","(Bloch, 1782)","Alburnoides bipunctatus","2022-09-16",2360305,211111,211074,"https://www.gbif.org/occurrence/download?has_coordinate=true&has_geospatial_issue=false&taxon_key=2360305&occurrence_status=present","manual",207856,3070.4,2572.6,33.89,-15.89
4730,"Alburnus alburnus","(Linnaeus, 1758)","Alburnus alburnus","2022-09-16",2362925,440694,438615,"https://www.gbif.org/occurrence/download?has_coordinate=true&has_geospatial_issue=false&taxon_key=2362925&occurrence_status=present","manual",429842,3089,2542.8,35.75,-18.8699999999999
1578,"Alosa chrysochloris","(Rafinesque, 1820)","Alosa chrysochloris","2022-09-16",2412681,4433,1467,NA,"code",691,3066,2650.2,33.45,-8.13
1583,"Alosa pseudoharengus","(Wilson, 1811)","Alosa pseudoharengus","2022-09-16",2412740,80160,79360,NA,"code",37046,3057,2539,32.55,-19.25
3361,"Ambloplites rupestris","(Rafinesque, 1817)","Ambloplites rupestris","2022-09-16",2394514,34499,34486,NA,"code",27621,3087.2,2530.2,35.57,-20.13
291,"Ameiurus melas","(Rafinesque, 1820)","Ameiurus melas","2022-09-16",2340977,45275,45147,NA,"code",38625,3157,2541.2,42.55,-19.03
3021,"Ameiurus natalis","(Lesueur, 1819)","Ameiurus natalis","2022-09-16",2340969,27875,27860,NA,"code",18923,3161,2559,42.95,-17.25
3022,"Ameiurus nebulosus","(Lesueur, 1819)","Ameiurus nebulosus","2022-09-16",2340989,43075,42808,NA,"code",38865,3137.4,2526.2,40.59,-20.53
2600,"Amia calva","Linnaeus, 1766","Amia calva","2022-09-16",5207891,11367,11343,NA,"code",8646,3081.2,2562,34.97,-16.95
35,"Anguilla anguilla","(Linnaeus, 1758)","Anguilla anguilla","2022-09-16",5212973,629379,594222,"https://www.gbif.org/occurrence/download?has_coordinate=true&has_geospatial_issue=false&taxon_key=5212973&occurrence_status=present","manual",559978,3089,2568.8,35.75,-16.27
297,"Anguilla australis","Richardson, 1841","Anguilla australis","2022-09-16",5712356,33395,33390,NA,"code",30900,3036.4,2703.4,30.49,-2.80999999999995
11878,"Anguilla dieffenbachii","Gray, 1842","Anguilla dieffenbachii","2022-09-16",5213018,35213,35212,NA,"code",32962,2997,2659.4,26.55,-7.20999999999998
3577,"Aplodinotus grunniens","Rafinesque, 1819","Aplodinotus grunniens","2022-09-16",2400265,11840,11823,NA,"code",9013,3106.2,2519.8,37.47,-21.17
6377,"Barbatula barbatula","(Linnaeus, 1758)","Barbatula barbatula","2022-09-16",5204862,644885,644819,"https://www.gbif.org/occurrence/download?has_coordinate=true&has_geospatial_issue=false&taxon_key=5204862&occurrence_status=present","manual",636566,3060.6,2545.2,32.91,-18.63
65106,"Barbatula quignardi","(Băcescu-Meşter, 1967)","Barbatula quignardi","2022-09-16",2357565,10788,10788,NA,"code",10644,3059,2691.8,32.75,-3.96999999999997
4472,"Barbus barbus","(Linnaeus, 1758)","Barbus barbus","2022-09-16",5739539,269531,269507,"https://www.gbif.org/occurrence/download?has_coordinate=true&has_geospatial_issue=false&taxon_key=5739539&occurrence_status=present","manual",119812,3044.8,2610,31.33,-12.15
5424,"Barbus meridionalis","Risso, 1827","Barbus meridionalis","2022-09-16",5739559,38354,38353,NA,"code",36996,3041,2606.4,30.95,-12.51
4471,"Blicca bjoerkna","(Linnaeus, 1758)","Blicca bjoerkna","2022-09-16",2359471,185404,183639,"https://www.gbif.org/occurrence/download?has_coordinate=true&has_geospatial_issue=false&taxon_key=2359471&occurrence_status=present","manual",173558,3047.4,2553.2,31.59,-17.83
2743,"Campostoma anomalum","(Rafinesque, 1820)","Campostoma anomala","2022-09-16",2361357,21912,21902,NA,"code",3708,3084,2582.6,35.25,-14.89
271,"Carassius auratus","(Linnaeus, 1758)","Carassius auratus","2022-09-16",4286942,55317,54604,NA,"code",31950,3163.6,2559.4,43.21,-17.21
270,"Carassius carassius","(Linnaeus, 1758)","Carassius carassius","2022-09-16",2366645,35874,34052,NA,"code",31159,3056.6,2527.8,32.51,-20.3699999999999
2957,"Carpiodes carpio","(Rafinesque, 1820)","Carpiodes carpio","2022-09-16",2358948,6592,6568,NA,"code",887,3130.8,2590.6,39.9300000000001,-14.09
4775,"Carpiodes cyprinus","(Lesueur, 1817)","Carpiodes cyprinus","2022-09-16",2358950,4040,4031,NA,"code",1984,3095,2556.6,36.35,-17.49
2965,"Catostomus commersonii","(Lacepède, 1803)","Catostomus commersonii","2022-09-16",2359014,53802,53790,NA,"code",36524,3083.2,2452,35.17,-27.95
2499,"Chelon labrosus","(Risso, 1827)","Chelon labrosus","2022-09-16",2400863,14087,14039,NA,"code",2113,3076,2697.6,34.45,-3.38999999999999
4878,"Chondrostoma nasus","(Linnaeus, 1758)","Chondrostoma nasus","2022-09-16",2360551,63282,63255,NA,"code",61938,3043.2,2607,31.17,-12.45
2747,"Clinostomus funduloides","Girard, 1856","Clinostomus sp","2022-09-16",2361174,3962,3962,NA,"code",701,3048,2659.2,31.65,-7.23000000000002
6378,"Cobitis taenia","Linnaeus, 1758","Cobitis taenia","2022-09-16",2368185,49619,49603,NA,"code",48210,3068.8,2571,33.73,-16.05
235,"Coregonus artedi","Lesueur, 1818","Coregonus artedi","2022-09-16",2351092,9903,9866,NA,"code",6665,3041.8,2425.4,31.03,-30.61
234,"Coregonus clupeaformis","(Mitchill, 1818)","Coregonus clupeaformis","2022-09-16",2351119,10909,10896,NA,"code",8051,3057,2381,32.55,-35.05
4065,"Cottus bairdii","Girard, 1850","Cottus bairdii","2022-09-16",2334131,9055,9051,NA,"code",2134,3058,2534.8,32.65,-19.67
2439,"Cottus gobio","Linnaeus, 1758","Cottus gobio","2022-09-16",7807208,680899,680847,"https://www.gbif.org/occurrence/download?has_coordinate=true&has_geospatial_issue=false&taxon_key=7807208&occurrence_status=present","manual",672782,3039,2544.2,30.75,-18.73
8419,"Cottus poecilopus","Heckel, 1837","Cottus poecilopus","2022-09-16",2334159,42214,42209,NA,"code",41163,2960.2,2571.6,22.87,-15.99
79,"Ctenopharyngodon idella","(Valenciennes, 1844)","Ctenopharyngodon idella","2022-09-16",2362030,7816,7813,NA,"code",7281,3143.8,2551.4,41.23,-18.01
2859,"Cyprinella galactura","(Cope, 1868)","Cyprinella galactura","2023-08-02",5207653,2989,2989,NA,"code",297,3062,2676,33.05,-5.54999999999995
2876,"Cyprinella lutrensis","(Baird & Girard, 1853)","Cyprinella lutrensis","2022-09-16",5207666,32337,32319,NA,"code",1744,3159.8,2588,42.83,-14.35
2903,"Cyprinella spiloptera","(Cope, 1867)","Cyprinella spiloptera","2022-09-16",5207691,9874,9871,NA,"code",2300,3049.8,2570.6,31.83,-16.09
1450,"Cyprinus carpio","Linnaeus, 1758","Cyprinus carpio","2022-09-16",4286975,195697,192032,"https://www.gbif.org/occurrence/download?has_coordinate=true&has_geospatial_issue=false&taxon_key=4286975&occurrence_status=present","manual",38080,3157.6,2535.8,42.61,-19.57
1604,"Dorosoma cepedianum","(Lesueur, 1818)","Dorosoma cepedianum","2022-09-16",2413541,77373,34152,NA,"code",21493,3154,2580.8,42.25,-15.0699999999999
1606,"Dorosoma petenense","(Günther, 1867)","Dorosoma petenense","2022-09-16",2413553,33285,15455,NA,"code",6963,3161.6,2631.8,43.01,-9.96999999999997
258,"Esox lucius","Linnaeus, 1758","Esox lucius","2022-09-16",2346633,617487,614328,"https://www.gbif.org/occurrence/download?has_coordinate=true&has_geospatial_issue=false&taxon_key=2346633&occurrence_status=present","manual",8744,3052.6,2436,32.11,-29.55
2711,"Esox masquinongy","Mitchill, 1824","Esox masquinongy","2022-09-16",2346634,7512,7508,NA,"code",7062,3082.8,2542.8,35.1300000000001,-18.8699999999999
3398,"Etheostoma asprigene","(Forbes, 1878)","Etheostoma asprigene","2022-09-16",2382313,572,571,NA,"code",126,3065.6,2599,33.41,-13.25
3402,"Etheostoma blennioides","Rafinesque, 1819","Etheostoma blennioides","2023-08-02",2382397,9140,9140,NA,"code",2214,3067.2,2619.6,33.57,-11.19
3407,"Etheostoma chlorobranchium","Zorach, 1972","Etheostoma chlorobranchium","2023-08-02",2382327,421,421,NA,"code",34,3012.4,2696,28.09,-3.54999999999995
3420,"Etheostoma exile","(Girard, 1859)","Etheostoma exile","2022-09-16",2382377,3807,3804,NA,"code",1107,3052,2528,32.05,-20.35
3445,"Etheostoma nigrum","Rafinesque, 1820","Etheostoma nigrum","2022-09-16",2382319,22437,22428,NA,"code",10223,3061.6,2519,33.01,-21.25
3450,"Etheostoma olmstedi","Storer, 1842","tessellated darter","2022-09-16",2382257,7487,7487,NA,"code",3628,3063,2573.2,33.15,-15.83
10534,"Etheostoma vulneratum","(Cope, 1870)","Etheostoma vulneratum","2023-08-02",2382220,184,184,NA,"code",17,3030.6,2707.8,29.91,-2.36999999999995
3197,"Fundulus notatus","(Rafinesque, 1820)","Fundulus notatus","2022-09-16",5203690,6632,6619,NA,"code",915,3082,2613.2,35.05,-11.83
7544,"Galaxias brevipinnis","Günther, 1866","Galaxias brevipinnis","2023-08-02",5214227,11629,11629,NA,"code",10225,3027,2662.2,29.55,-6.93000000000001
22531,"Galaxias vulgaris","Stokell, 1949","Galaxias vulgaris","2023-08-02",5214246,5965,5965,NA,"code",5922,2963.2,2677.8,23.17,-5.36999999999995
3215,"Gambusia affinis","(Baird & Girard, 1853)","Gambusia affinis","2022-09-16",2350580,46642,46590,NA,"code",16892,3165,2588.2,43.35,-14.33
2420,"Gasterosteus aculeatus","Linnaeus, 1758","Gasterosteus aculeatus","2022-09-16",4286327,181523,174440,"https://www.gbif.org/occurrence/download?has_coordinate=true&has_geospatial_issue=false&taxon_key=4286327&occurrence_status=present","manual",151278,3099,2380.2,36.75,-35.13
4478,"Gobio gobio","(Linnaeus, 1758)","Gobio gobio","2022-09-16",4409628,896394,896163,"https://www.gbif.org/occurrence/download?has_coordinate=true&has_geospatial_issue=false&taxon_key=4409628&occurrence_status=present","manual",884803,3102.2,2501.6,37.07,-22.99
62429,"Gobio lozanoi","Doadrio & Madeira, 2004","Gobio lozanoi","2022-09-16",4409629,13117,12913,NA,"code",12799,3068.4,2653.8,33.6900000000001,-7.76999999999998
22535,"Gobiomorphus breviceps","(Stokell, 1939)","Gobiomorphus breviceps","2023-08-02",2386388,15702,15702,NA,"code",15414,2970.2,2686.6,23.87,-4.49000000000001
4474,"Gymnocephalus cernua","(Linnaeus, 1758)","Gymnocephalus cernua","2022-09-16",5209574,317024,315173,"https://www.gbif.org/occurrence/download?has_coordinate=true&has_geospatial_issue=false&taxon_key=5209574&occurrence_status=present","manual",291828,3041.8,2455.2,31.03,-27.63
2666,"Hiodon alosoides","(Rafinesque, 1819)","Hiodon alosoides","2022-09-16",2402320,781,779,NA,"code",94,3075.2,2523.6,34.37,-20.79
2990,"Hypentelium nigricans","(Lesueur, 1817)","Hypentelium nigricans","2022-09-16",2358931,12288,12283,NA,"code",3462,3062.6,2579.4,33.11,-15.21
274,"Hypophthalmichthys molitrix","(Valenciennes, 1844)","Hypophthalmichthys molitrix","2022-09-16",2362473,5448,5447,NA,"code",5275,3124.4,2556.4,39.29,-17.51
275,"Hypophthalmichthys nobilis","(Richardson, 1845)","Hypophthalmichthys nobilis","2022-09-16",2362486,2075,2075,NA,"code",1960,3120,2595.6,38.85,-13.59
2518,"Ichthyomyzon greeleyi","Hubbs & Trautman, 1937","Ichthyomyzon greeleyi","2023-08-02",2421252,424,424,NA,"code",46,3026.8,2690.4,29.53,-4.10999999999996
3019,"Ictalurus furcatus","(Valenciennes, 1840)","Ictalurus furcatus","2022-09-16",5202525,28659,6675,NA,"code",4694,3122.2,2594.4,39.07,-13.71
290,"Ictalurus punctatus","(Rafinesque, 1818)","Ictalurus punctatus","2022-09-16",5202520,40377,40335,NA,"code",26168,3162,2535.6,43.05,-19.59
2992,"Ictiobus bubalus","(Rafinesque, 1818)","Ictiobus bubalus","2022-09-16",2359075,11059,2956,NA,"code",1291,3116.6,2590.4,38.51,-14.11
2993,"Ictiobus cyprinellus","(Valenciennes, 1844)","Ictiobus cyprinellus","2022-09-16",2359081,2635,2631,NA,"code",1961,3139.8,2555.8,40.83,-17.57
2994,"Ictiobus niger","(Rafinesque, 1819)","Ictiobus niger","2022-09-16",2359079,335,333,NA,"code",32,3110.4,2610.8,37.89,-12.0699999999999
3238,"Labidesthes sicculus","(Cope, 1865)","Labidesthes sicculus","2022-09-16",2412271,12740,12728,NA,"code",3634,3080.6,2575.2,34.91,-15.63
1075,"Lepisosteus oculatus","Winchell, 1864","Lepisosteus oculatus","2022-09-16",2346692,34062,4908,NA,"code",3429,3104.6,2649.2,37.31,-8.23000000000002
1076,"Lepisosteus osseus","(Linnaeus, 1758)","Lepisosteus osseus","2022-09-16",2346701,14853,6764,NA,"code",4072,3103.4,2574.2,37.1900000000001,-15.73
2597,"Lepisosteus platostomus","Rafinesque, 1820","Lepisosteus platostomus","2022-09-16",2346740,889,889,NA,"code",398,3079.8,2588,34.83,-14.35
3370,"Lepomis auritus","(Linnaeus, 1758)","Lepomis auritus","2023-08-02",2394491,24557,24557,NA,"code",16632,3101,2579.8,36.95,-15.17
3371,"Lepomis cyanellus","Rafinesque, 1819","Lepomis cyanellus","2022-09-16",2394494,38697,38648,NA,"code",17605,3160,2549.8,42.85,-18.17
3372,"Lepomis gibbosus","(Linnaeus, 1758)","Lepomis gibbosus","2022-09-16",2394486,168651,168074,"https://www.gbif.org/occurrence/download?has_coordinate=true&has_geospatial_issue=false&taxon_key=2394486&occurrence_status=present","manual",4069,3060,2555.8,32.85,-17.57
3373,"Lepomis gulosus","(Cuvier, 1829)","Lepomis gulosus","2022-09-16",2394507,18419,18389,NA,"code",8608,3161.6,2572.2,43.01,-15.93
3374,"Lepomis humilis","(Girard, 1858)","Lepomis humilis","2022-09-16",2394483,7611,7604,NA,"code",1678,3084,2564.6,35.25,-16.69
3375,"Lepomis macrochirus","Rafinesque, 1819","Lepomis macrochirus","2022-09-16",2394503,136123,135903,"https://www.gbif.org/occurrence/download?has_coordinate=true&has_geospatial_issue=false&taxon_key=2394503&occurrence_status=present","manual",61954,3162,2540,43.05,-19.15
3377,"Lepomis megalotis","(Rafinesque, 1820)","Lepomis megalotis","2022-09-16",2394510,27247,27214,NA,"code",4541,3098.4,2560.6,36.6900000000001,-17.09
4662,"Leuciscus leuciscus","(Linnaeus, 1758)","Leuciscus leuciscus","2022-09-16",4409641,171646,169875,"https://www.gbif.org/occurrence/download?has_coordinate=true&has_geospatial_issue=false&taxon_key=4409641&occurrence_status=present","manual",166398,3040.8,2518,30.9300000000001,-21.35
310,"Lota lota","(Linnaeus, 1758)","Lota lota","2022-09-16",2415460,225379,223234,"https://www.gbif.org/occurrence/download?has_coordinate=true&has_geospatial_issue=false&taxon_key=2415460&occurrence_status=present","manual",219381,3056.4,2385.4,32.49,-34.61
46094,"Luciobarbus graellsii","(Steindachner, 1866)","Luciobarbus graellsii","2022-09-16",2363097,16715,16715,NA,"code",16586,3065,2658.8,33.35,-7.26999999999998
2850,"Luxilus coccogenis","(Cope, 1868)","Luxilus coccogenis","2022-09-16",2366963,2187,2187,NA,"code",328,3046.2,2684.4,31.47,-4.70999999999998
2851,"Luxilus cornutus","(Mitchill, 1817)","Luxilus cornutus","2022-09-16",2366967,15361,15355,NA,"code",6923,3054.6,2530.8,32.31,-20.07
2778,"Macrhybopsis aestivalis","(Girard, 1856)","Macrhybopsis aestivalis","2022-09-16",2362048,3480,3461,NA,"code",63,3101.2,2640,36.97,-9.14999999999998
2792,"Macrhybopsis storeriana","(Kirtland, 1845)","Macrhybopsis storeriana","2022-09-16",2362045,2820,2797,NA,"code",536,3076.6,2572.4,34.51,-15.91
3382,"Micropterus dolomieu","Lacepède, 1802","Micropterus dolomieu","2022-09-16",5211250,51361,51348,NA,"code",44553,3161,2531,42.95,-20.05
3385,"Micropterus salmoides","(Lacepède, 1802)","Micropterus salmoides","2022-09-16",2394563,140856,135483,"https://www.gbif.org/occurrence/download?has_coordinate=true&has_geospatial_issue=false&taxon_key=2394563&occurrence_status=present","manual",4140,3153.6,2559.4,42.21,-17.21
2996,"Minytrema melanops","(Rafinesque, 1820)","Minytrema melanops","2022-09-16",2358945,5820,5817,NA,"code",2701,3079.2,2587.2,34.77,-14.43
355,"Morone americana","(Gmelin, 1789)","Morone americana","2022-09-16",2394604,11410,11407,NA,"code",9016,3063.6,2570.6,33.21,-16.09
3308,"Morone chrysops","(Rafinesque, 1820)","Morone chrysops","2022-09-16",2394598,12215,12204,NA,"code",9796,3140.2,2547.2,40.87,-18.43
3309,"Morone mississippiensis","Jordan & Eigenmann, 1887","Morone mississippiensis","2022-09-16",2394610,5127,2117,NA,"code",1719,3145,2593,41.35,-13.85
2997,"Moxostoma anisurum","(Rafinesque, 1820)","Moxostoma anisurum","2022-09-16",2358964,2854,2848,NA,"code",1708,3057.8,2541.2,32.6300000000001,-19.03
3000,"Moxostoma carinatum","(Cope, 1870)","Moxostoma carinatum","2022-09-16",2358998,641,641,NA,"code",163,3057.6,2577.4,32.61,-15.41
3004,"Moxostoma erythrurum","(Rafinesque, 1818)","Moxostoma erythrurum","2022-09-16",2358966,7796,7794,NA,"code",2104,3073,2559.2,34.15,-17.23
3008,"Moxostoma macrolepidotum","(Lesueur, 1817)","Moxostoma macrolepidotum","2022-09-16",2359006,5433,5428,NA,"code",2957,3054.2,2521.2,32.27,-21.03
2810,"Nocomis micropogon","(Cope, 1865)","Nocomis micropogon","2022-09-16",2365441,4441,4440,NA,"code",1025,3055,2625.8,32.35,-10.5699999999999
276,"Notemigonus crysoleucas","(Mitchill, 1814)","Notemigonus crysoleucas","2022-09-16",2363714,31548,31485,NA,"code",18870,3161.2,2527.2,42.97,-20.43
2824,"Notropis atherinoides","Rafinesque, 1818","Notropis atherinoides","2022-09-16",2362170,15572,15530,NA,"code",7618,3083.4,2532.2,35.1900000000001,-19.93
2831,"Notropis blennius","(Girard, 1856)","Notropis blennius","2022-09-16",2362130,1424,1413,NA,"code",57,3065.8,2578.4,33.4300000000001,-15.3099999999999
2864,"Notropis heterodon","(Cope, 1865)","Notropis heterodon","2022-09-16",2362223,1705,1705,NA,"code",533,3008,2559.8,27.65,-17.17
2865,"Notropis heterolepis","Eigenmann & Eigenmann, 1893","Notropis heterolepis","2022-09-16",2362139,3278,3278,NA,"code",1047,3010.6,2539.8,27.91,-19.17
2867,"Notropis hudsonius","(Clinton, 1824)","Notropis hudsonius","2022-09-16",2362185,20548,20541,NA,"code",15461,3064.6,2488.6,33.31,-24.29
2872,"Notropis leuciodus","(Cope, 1868)","Notropis leuciodus","2022-09-16",2362269,1770,1770,NA,"code",135,3046.4,2690,31.49,-4.14999999999998
2875,"Notropis lutipinnis","(Jordan & Brayton, 1878)","Notropis lutipinnis","2022-09-16",2362319,1051,1051,NA,"code",351,3062.4,2713.2,33.09,-1.82999999999998
2899,"Notropis shumardi","(Girard, 1856)","Notropis shumardi","2022-09-16",2362244,601,594,NA,"code",23,3082.6,2730.8,35.11,-0.0699999999999363
2902,"Notropis spectrunculus","(Cope, 1868)","Notropis spectrunculus","2023-08-02",2362330,924,924,NA,"code",57,3048.6,2698.4,31.71,-3.30999999999995
2907,"Notropis texanus","(Girard, 1856)","Notropis texanus","2022-09-16",2362312,8469,8426,NA,"code",1279,3081.4,2590.2,34.99,-14.13
2913,"Notropis volucellus","(Cope, 1865)","Notropis volucellus","2022-09-16",2362211,9006,8991,NA,"code",1239,3085.2,2548.2,35.37,-18.33
62430,"Notropis wickliffi","Trautman, 1931","Notropis wickliffi","2022-09-16",2362143,767,767,NA,"code",4,3026.25,2684,29.475,-4.75
3037,"Noturus gyrinus","(Mitchill, 1817)","Noturus gyrinus","2022-09-16",2341016,6534,6523,NA,"code",1627,3094.2,2555.8,36.27,-17.57
239,"Oncorhynchus mykiss","(Walbaum, 1792)","Oncorhynchus mykiss","2022-09-16",5204019,208930,198749,"https://www.gbif.org/occurrence/download?has_coordinate=true&has_geospatial_issue=false&taxon_key=5204019&occurrence_status=present","manual",186583,3160.8,2511.8,42.9300000000001,-21.97
2855,"Opsopoeodus emiliae","Hay, 1881","Opsopoeodus emiliae emiliae","2022-09-16",4286982,4198,4180,NA,"code",621,3101.6,2657.4,37.01,-7.40999999999997
253,"Osmerus mordax","(Mitchill, 1814)","Osmerus mordax","2022-09-16",4283983,50420,50384,NA,"code",45328,3055.2,2478.4,32.37,-25.31
62725,"Parachondrostoma miegii","(Steindachner, 1866)","Parachondrostoma miegii","2022-09-16",2359297,30128,30128,NA,"code",29980,3065,2632.2,33.35,-9.93000000000001
4477,"Parachondrostoma toxostoma","(Vallot, 1837)","Parachondrostoma toxostoma","2022-09-16",2359289,33051,33051,NA,"code",32943,3044,2635.4,31.25,-9.60999999999996
359,"Perca flavescens","(Mitchill, 1814)","Perca flavescens","2022-09-16",2382004,79167,79155,NA,"code",71749,3129.4,2490.4,39.79,-24.11
358,"Perca fluviatilis","Linnaeus, 1758","Perca fluviatilis","2022-09-16",8140485,930481,927556,"https://www.gbif.org/occurrence/download?has_coordinate=true&has_geospatial_issue=false&taxon_key=8140485&occurrence_status=present","manual",882138,3070.8,2418.8,33.9300000000001,-31.27
3489,"Percina caprodes","(Rafinesque, 1818)","Percina caprodes","2022-09-16",2382103,10137,10134,NA,"code",3402,3083,2512.8,35.15,-21.8699999999999
3493,"Percina evides","(Jordan & Copeland, 1877)","Percina evides","2022-09-16",2382105,1072,1072,NA,"code",104,3050.6,2644.6,31.91,-8.69
3511,"Percina shumardi","(Girard, 1859)","Percina shumardi","2022-09-16",2382101,1010,1009,NA,"code",64,3080.8,2585.2,34.9300000000001,-14.63
3065,"Percopsis omiscomaycus","(Walbaum, 1792)","Percopsis omiscomaycus","2022-09-16",2401709,19308,19291,NA,"code",17205,3036,2501.4,30.45,-23.01
2922,"Phenacobius crassilabrum","Minckley & Craddock, 1962","Phenacobius crassilabrum","2022-09-16",2363798,223,223,NA,"code",8,2997.2,2701.5,26.57,-3
64179,"Phoxinus bigerri","Kottelat, 2007","Phoxinus bigerri","2022-09-16",5207399,58105,58105,NA,"code",57199,3035.6,2632.8,30.41,-9.86999999999995
4661,"Phoxinus phoxinus","(Linnaeus, 1758)","Phoxinus phoxinus","2022-09-16",4409653,980606,978891,"https://www.gbif.org/occurrence/download?has_coordinate=true&has_geospatial_issue=false&taxon_key=4409653&occurrence_status=present","manual",970015,3055.8,2493.2,32.4300000000001,-23.83
2931,"Pimephales notatus","(Rafinesque, 1820)","Pimephales notatus","2022-09-16",2367736,24974,24953,NA,"code",6184,3066,2558,33.45,-17.35
2934,"Pimephales vigilax","(Baird & Girard, 1853)","Pimephales vigilax","2022-09-16",2367733,12639,12590,NA,"code",780,3100,2590.4,36.85,-14.11
1341,"Platichthys flesus","(Linnaeus, 1758)","Platichthys flesus","2022-09-16",2409330,95837,95183,NA,"code",37960,3044.4,2604,31.29,-12.75
3387,"Pomoxis annularis","Rafinesque, 1818","Pomoxis annularis","2022-09-16",2394534,19776,19766,NA,"code",14477,3158.2,2555,42.67,-17.65
3388,"Pomoxis nigromaculatus","(Lesueur, 1829)","Pomoxis nigromaculatus","2022-09-16",2394526,65776,65753,NA,"code",61000,3160.4,2536.6,42.89,-19.49
4691,"Pseudorasbora parva","(Temminck & Schlegel, 1846)","Pseudorasbora parva","2022-09-16",2362868,77242,76805,NA,"code",70708,3113.4,2532.6,38.1900000000001,-19.89
3273,"Pungitius pungitius","(Linnaeus, 1758)","Pungitius pungitius","2022-09-16",5739510,108583,106520,"https://www.gbif.org/occurrence/download?has_coordinate=true&has_geospatial_issue=false&taxon_key=5739510&occurrence_status=present","manual",46541,3003.8,2372.8,27.23,-35.8699999999999
3051,"Pylodictis olivaris","(Rafinesque, 1818)","Pylodictis olivaris","2022-09-16",2341077,9165,9161,NA,"code",6628,3161.8,2586.2,43.03,-14.53
2943,"Rhinichthys atratulus","(Hermann, 1804)","Rhinichthys atratulus","2022-09-16",2359823,14971,14967,NA,"code",7371,3049.8,2558,31.83,-17.35
2944,"Rhinichthys cataractae","(Valenciennes, 1842)","Rhinichthys cataractae","2022-09-16",2359811,13147,13144,NA,"code",4756,3099.4,2488.2,36.79,-24.33
4483,"Rhodeus amarus","(Bloch, 1782)","Rhodeus amarus","2022-09-16",2360842,143689,143633,"https://www.gbif.org/occurrence/download?has_coordinate=true&has_geospatial_issue=false&taxon_key=2360842&occurrence_status=present","manual",140856,3054.2,2604,32.27,-12.75
2948,"Rhodeus sericeus","(Pallas, 1776)","Rhodeus sericeus","2022-09-16",2360803,2249,2210,NA,"code",2074,3041.8,2674.4,31.03,-5.70999999999998
272,"Rutilus rutilus","(Linnaeus, 1758)","Rutilus rutilus","2022-09-16",2359706,1307201,1304156,"https://www.gbif.org/occurrence/download?has_coordinate=true&has_geospatial_issue=false&taxon_key=2359706&occurrence_status=present","manual",1262313,3059.4,2484,32.79,-24.75
4877,"Salaria fluviatilis","(Asso, 1801)","Salaria fluviatilis","2022-09-16",4409525,13394,13392,NA,"code",13046,3081.4,2632.6,34.99,-9.88999999999999
236,"Salmo salar","Linnaeus, 1758","Salmo salar","2022-09-16",7595433,641586,598500,"https://www.gbif.org/occurrence/download?has_coordinate=true&has_geospatial_issue=false&taxon_key=7595433&occurrence_status=present","manual",88588,2998.8,2558.4,26.73,-17.31
238,"Salmo trutta","Linnaeus, 1758","Salmo trutta","2022-09-16",8215487,2238810,2171592,"https://www.gbif.org/occurrence/download?has_coordinate=true&has_geospatial_issue=false&taxon_key=8215487&occurrence_status=present","manual",847355,3152.8,2515,42.1300000000001,-21.65
246,"Salvelinus fontinalis","(Mitchill, 1814)","Salvelinus fontinalis","2022-09-16",2351271,66271,66144,NA,"code",62219,3126.2,2426.2,39.47,-30.53
248,"Salvelinus namaycush","(Walbaum, 1792)","Salvelinus namaycush","2022-09-16",2351327,26149,26123,NA,"code",24913,3067.8,2370.8,33.6300000000001,-36.07
3515,"Sander canadensis","(Griffith & Smith, 1834)","Sander canadensis","2022-09-16",2382152,2058,2049,NA,"code",909,3073.6,2521.6,34.21,-20.99
360,"Sander lucioperca","(Linnaeus, 1758)","Sander lucioperca","2022-09-16",2382155,137039,135022,"https://www.gbif.org/occurrence/download?has_coordinate=true&has_geospatial_issue=false&taxon_key=2382155&occurrence_status=present","manual",127143,3092,2515.2,36.05,-21.63
3516,"Sander vitreus","(Mitchill, 1818)","Sander vitreus","2022-09-16",2382172,59858,59830,NA,"code",57495,3148,2479.2,41.65,-25.23
2596,"Scaphirhynchus platorynchus","(Rafinesque, 1820)","Scaphirhynchus platorynchus","2022-09-16",2402084,386,386,NA,"code",78,3049.8,2594.4,31.83,-13.71
2951,"Scardinius erythrophthalmus","(Linnaeus, 1758)","Scardinius erythrophthalmus","2022-09-16",2362635,216542,214199,"https://www.gbif.org/occurrence/download?has_coordinate=true&has_geospatial_issue=false&taxon_key=2362635&occurrence_status=present","manual",205664,3078.6,2538,34.71,-19.35
2952,"Semotilus atromaculatus","(Mitchill, 1818)","Semotilus atromaculatus","2022-09-16",2360481,30691,30681,NA,"code",10292,3081,2541.8,34.95,-18.97
289,"Silurus glanis","Linnaeus, 1758","Silurus glanis","2022-09-16",2337607,23714,23616,NA,"code",23030,3096.8,2545,36.53,-18.65
4482,"Squalius cephalus","(Linnaeus, 1758)","Squalius cephalus","2022-09-16",2365685,855951,854154,"https://www.gbif.org/occurrence/download?has_coordinate=true&has_geospatial_issue=false&taxon_key=2365685&occurrence_status=present","manual",839765,3068,2553,33.65,-17.85
6462,"Telestes souffia","(Risso, 1827)","Telestes souffia","2022-09-16",2360687,121157,121145,"https://www.gbif.org/occurrence/download?has_coordinate=true&has_geospatial_issue=false&taxon_key=2360687&occurrence_status=present","manual",119024,3045,2580.6,31.35,-15.09
4605,"Thymallus thymallus","(Linnaeus, 1758)","Thymallus thymallus","2022-09-16",5203999,69272,67472,NA,"code",64546,3038,2520.6,30.65,-21.09
269,"Tinca tinca","(Linnaeus, 1758)","Tinca tinca","2022-09-16",2362524,170938,168869,"https://www.gbif.org/occurrence/download?has_coordinate=true&has_geospatial_issue=false&taxon_key=2362524&occurrence_status=present","manual",163238,3084.2,2543.8,35.27,-18.77
2708,"Umbra pygmaea","(DeKay, 1842)","Umbra pygmaea","2022-09-16",5203111,5319,5053,NA,"code",3756,3057,2641.4,32.55,-9.00999999999999
